State,Sim_Baseline_Pure_Prem ($),Sim_Climate_Pure_Prem ($),Sim_1_in_100_PML ($k),Sim_1_in_100_TVaR ($k)
Alabama,68886.42,114000.16,510.9,623.4
Alaska,15039.1,23686.16,187.8,245.3
Arizona,15287.51,23308.46,177.3,233.4
Arkansas,39124.52,63962.28,324.5,401.0
California,44483.79,79831.74,483.4,604.2
Colorado,21067.12,32421.41,235.8,288.0
Connecticut,34917.93,56535.51,340.9,421.5
Delaware,34445.48,55339.07,310.0,385.8
Florida,191912.06,360779.6,1197.4,1360.4
Georgia,56377.84,90532.61,415.0,518.0
Hawaii,28492.12,44294.13,303.9,394.3
Idaho,11017.01,16293.85,143.9,185.0
Illinois,40185.82,63286.37,321.1,396.4
Indiana,33563.16,52823.05,283.6,340.8
Iowa,35566.8,59827.33,319.1,389.6
Kansas,23518.76,36629.71,225.2,278.4
Kentucky,52665.26,90053.68,406.0,503.9
Louisiana,175784.91,315762.39,1094.7,1249.4
Maine,15805.26,24164.62,185.9,233.4
Maryland,37837.74,61932.46,339.9,418.2
Massachusetts,38754.42,66871.53,369.2,446.0
Michigan,21973.07,34237.64,216.5,265.5
Minnesota,23351.31,36491.32,238.5,306.7
Mississippi,76475.61,128938.5,542.5,651.1
Missouri,47925.31,81520.51,383.7,468.6
Montana,12980.14,19965.39,163.9,214.2
Nebraska,21324.42,32446.19,208.9,267.9
Nevada,9280.8,13893.84,130.3,167.7
New Hampshire,16248.3,25348.07,188.7,241.2
New Jersey,76735.59,135164.82,622.3,746.2
New Mexico,13229.24,19783.35,155.7,200.4
New York,86504.91,154457.89,684.2,816.2
North Carolina,93314.74,163585.35,652.4,781.1
North Dakota,20185.15,31600.68,227.4,279.4
Ohio,34610.9,54430.92,283.2,337.6
Oklahoma,32996.81,54081.01,296.9,372.3
Oregon,26011.3,43116.52,277.5,353.6
Pennsylvania,61058.33,104268.2,475.6,583.6
Rhode Island,25713.91,39912.8,280.8,346.5
South Carolina,78214.68,136255.14,570.1,673.2
South Dakota,15907.42,24639.49,183.6,228.4
Tennessee,48570.43,81038.54,391.6,459.0
Texas,123930.46,219625.39,833.6,992.2
Utah,8569.5,12822.54,126.4,158.8
Vermont,34122.99,61401.3,370.3,446.7
Virginia,50530.94,82502.14,405.2,492.5
Washington,32085.89,55891.18,328.6,405.7
West Virginia,47540.74,80577.66,388.4,462.8
Wisconsin,22771.68,35858.5,227.7,284.8
Wyoming,8606.11,12387.3,121.7,158.7
